po_id,supplier_id,supplier_name,part_no,part_desc,quantity,order_ts,promised_delivery_ts,plant_id
PO-100001,SUP-1001,Bosch,PN-BRK-100,Brake caliper,48,2026-02-16T09:00:00,2026-02-20T09:00:00,munich
PO-100002,SUP-1005,Hella,PN-ALT-200,Alternator,144,2026-02-19T09:00:00,2026-02-25T09:00:00,munich
PO-100003,SUP-1002,Continental,PN-ALT-200,Alternator,48,2026-02-14T07:00:00,2026-02-20T07:00:00,munich
PO-100004,SUP-1003,ZF Friedrichshafen,PN-LMP-500,Headlamp module,24,2026-02-24T07:00:00,2026-02-27T07:00:00,munich
PO-100005,SUP-1003,ZF Friedrichshafen,PN-ALT-200,Alternator,48,2026-02-24T07:00:00,2026-03-03T07:00:00,munich
PO-100006,SUP-1003,ZF Friedrichshafen,PN-BRK-100,Brake caliper,24,2026-02-26T06:00:00,2026-03-03T06:00:00,munich
PO-100007,SUP-1003,ZF Friedrichshafen,PN-ALT-200,Alternator,24,2026-02-24T14:00:00,2026-03-03T14:00:00,munich
PO-100008,SUP-1004,Mahle,PN-BRK-100,Brake caliper,12,2026-02-26T07:00:00,2026-03-02T07:00:00,munich
PO-100009,SUP-1003,ZF Friedrichshafen,PN-LMP-500,Headlamp module,12,2026-02-23T07:00:00,2026-03-02T07:00:00,munich
PO-100010,SUP-1003,ZF Friedrichshafen,PN-LMP-500,Headlamp module,24,2026-02-21T07:00:00,2026-02-26T07:00:00,munich
PO-100011,SUP-1003,ZF Friedrichshafen,PN-ALT-200,Alternator,12,2026-02-16T15:00:00,2026-02-19T15:00:00,munich
PO-100012,SUP-1002,Continental,PN-SNS-300,Wheel speed sensor,96,2026-02-23T11:00:00,2026-03-01T11:00:00,munich
PO-100013,SUP-1002,Continental,PN-BRK-100,Brake caliper,12,2026-02-26T11:00:00,2026-03-01T11:00:00,munich
PO-100014,SUP-1004,Mahle,PN-SNS-300,Wheel speed sensor,96,2026-02-19T13:00:00,2026-02-22T13:00:00,munich
PO-100015,SUP-1002,Continental,PN-SNS-300,Wheel speed sensor,96,2026-02-16T07:00:00,2026-02-22T07:00:00,munich
PO-100016,SUP-1001,Bosch,PN-ALT-200,Alternator,96,2026-02-13T12:00:00,2026-02-18T12:00:00,munich
PO-100017,SUP-1003,ZF Friedrichshafen,PN-BRK-100,Brake caliper,12,2026-02-22T13:00:00,2026-03-01T13:00:00,munich
PO-100018,SUP-1005,Hella,PN-ALT-200,Alternator,144,2026-02-22T06:00:00,2026-03-01T06:00:00,munich
PO-100019,SUP-1003,ZF Friedrichshafen,PN-ALT-200,Alternator,48,2026-02-19T08:00:00,2026-02-24T08:00:00,munich
PO-100020,SUP-1001,Bosch,PN-ALT-200,Alternator,48,2026-02-17T08:00:00,2026-02-23T08:00:00,munich
PO-100021,SUP-1003,ZF Friedrichshafen,PN-SNS-300,Wheel speed sensor,144,2026-02-16T11:00:00,2026-02-20T11:00:00,munich
PO-100022,SUP-1003,ZF Friedrichshafen,PN-ALT-200,Alternator,96,2026-02-21T12:00:00,2026-02-28T12:00:00,munich
PO-100023,SUP-1003,ZF Friedrichshafen,PN-BRK-100,Brake caliper,48,2026-02-16T09:00:00,2026-02-19T09:00:00,munich
PO-100024,SUP-1002,Continental,PN-SNS-300,Wheel speed sensor,24,2026-02-25T07:00:00,2026-03-03T07:00:00,munich
PO-100025,SUP-1001,Bosch,PN-ALT-200,Alternator,96,2026-02-18T10:00:00,2026-02-21T10:00:00,munich
PO-100026,SUP-1004,Mahle,PN-SNS-300,Wheel speed sensor,48,2026-02-19T15:00:00,2026-02-26T15:00:00,munich
PO-100027,SUP-1002,Continental,PN-SNS-300,Wheel speed sensor,96,2026-02-14T11:00:00,2026-02-21T11:00:00,munich
PO-100028,SUP-1004,Mahle,PN-HRN-400,Wiring harness,24,2026-02-22T15:00:00,2026-02-27T15:00:00,munich
PO-100029,SUP-1002,Continental,PN-BRK-100,Brake caliper,48,2026-02-21T15:00:00,2026-02-26T15:00:00,munich
PO-100030,SUP-1001,Bosch,PN-HRN-400,Wiring harness,96,2026-02-27T15:00:00,2026-03-03T15:00:00,munich
PO-100031,SUP-1005,Hella,PN-HRN-400,Wiring harness,12,2026-02-21T09:00:00,2026-02-24T09:00:00,munich
PO-100032,SUP-1004,Mahle,PN-SNS-300,Wheel speed sensor,24,2026-02-26T10:00:00,2026-03-05T10:00:00,munich
PO-100033,SUP-1005,Hella,PN-BRK-100,Brake caliper,24,2026-02-15T09:00:00,2026-02-21T09:00:00,munich
PO-100034,SUP-1001,Bosch,PN-LMP-500,Headlamp module,96,2026-02-20T06:00:00,2026-02-25T06:00:00,munich
PO-100035,SUP-1004,Mahle,PN-ALT-200,Alternator,96,2026-02-27T08:00:00,2026-03-06T08:00:00,munich
PO-100036,SUP-1004,Mahle,PN-ALT-200,Alternator,12,2026-02-17T12:00:00,2026-02-22T12:00:00,munich
PO-100037,SUP-1005,Hella,PN-BRK-100,Brake caliper,48,2026-02-16T07:00:00,2026-02-19T07:00:00,munich
PO-100038,SUP-1004,Mahle,PN-SNS-300,Wheel speed sensor,48,2026-02-15T15:00:00,2026-02-22T15:00:00,munich
PO-100039,SUP-1003,ZF Friedrichshafen,PN-LMP-500,Headlamp module,96,2026-02-19T09:00:00,2026-02-22T09:00:00,munich
PO-100040,SUP-1003,ZF Friedrichshafen,PN-BRK-100,Brake caliper,96,2026-02-26T13:00:00,2026-03-01T13:00:00,munich
PO-100041,SUP-1005,Hella,PN-HRN-400,Wiring harness,96,2026-02-19T15:00:00,2026-02-24T15:00:00,munich
PO-100042,SUP-1004,Mahle,PN-SNS-300,Wheel speed sensor,24,2026-02-20T09:00:00,2026-02-25T09:00:00,munich
PO-100043,SUP-1002,Continental,PN-HRN-400,Wiring harness,96,2026-02-20T06:00:00,2026-02-23T06:00:00,munich
PO-100044,SUP-1003,ZF Friedrichshafen,PN-SNS-300,Wheel speed sensor,24,2026-02-14T09:00:00,2026-02-19T09:00:00,munich
PO-100045,SUP-1001,Bosch,PN-ALT-200,Alternator,48,2026-02-16T11:00:00,2026-02-20T11:00:00,munich
PO-100046,SUP-1001,Bosch,PN-LMP-500,Headlamp module,48,2026-02-20T13:00:00,2026-02-26T13:00:00,munich
PO-100047,SUP-1005,Hella,PN-SNS-300,Wheel speed sensor,12,2026-02-16T07:00:00,2026-02-23T07:00:00,munich
PO-100048,SUP-1001,Bosch,PN-LMP-500,Headlamp module,12,2026-02-25T09:00:00,2026-03-01T09:00:00,munich
PO-100049,SUP-1003,ZF Friedrichshafen,PN-SNS-300,Wheel speed sensor,96,2026-02-14T09:00:00,2026-02-19T09:00:00,munich
PO-100050,SUP-1002,Continental,PN-SNS-300,Wheel speed sensor,144,2026-02-24T15:00:00,2026-03-01T15:00:00,munich
PO-100051,SUP-1005,Hella,PN-SNS-300,Wheel speed sensor,12,2026-02-14T09:00:00,2026-02-21T09:00:00,munich
PO-100052,SUP-1004,Mahle,PN-BRK-100,Brake caliper,96,2026-02-18T12:00:00,2026-02-23T12:00:00,munich
PO-100053,SUP-1004,Mahle,PN-LMP-500,Headlamp module,12,2026-02-23T14:00:00,2026-03-01T14:00:00,munich
PO-100054,SUP-1004,Mahle,PN-BRK-100,Brake caliper,12,2026-02-23T15:00:00,2026-02-27T15:00:00,munich
PO-100055,SUP-1001,Bosch,PN-ALT-200,Alternator,96,2026-02-27T10:00:00,2026-03-06T10:00:00,munich
PO-100056,SUP-1002,Continental,PN-LMP-500,Headlamp module,144,2026-02-24T08:00:00,2026-02-27T08:00:00,munich
PO-100057,SUP-1004,Mahle,PN-ALT-200,Alternator,96,2026-02-21T13:00:00,2026-02-26T13:00:00,munich
PO-100058,SUP-1004,Mahle,PN-HRN-400,Wiring harness,96,2026-02-23T08:00:00,2026-03-01T08:00:00,munich
PO-100059,SUP-1001,Bosch,PN-HRN-400,Wiring harness,48,2026-02-18T15:00:00,2026-02-24T15:00:00,munich
PO-100060,SUP-1001,Bosch,PN-ALT-200,Alternator,48,2026-02-16T07:00:00,2026-02-22T07:00:00,munich
PO-100061,SUP-1001,Bosch,PN-SNS-300,Wheel speed sensor,48,2026-02-18T12:00:00,2026-02-22T12:00:00,munich
PO-100062,SUP-1005,Hella,PN-ALT-200,Alternator,24,2026-02-20T10:00:00,2026-02-26T10:00:00,munich
PO-100063,SUP-1003,ZF Friedrichshafen,PN-ALT-200,Alternator,96,2026-02-26T13:00:00,2026-03-01T13:00:00,munich
PO-100064,SUP-1005,Hella,PN-HRN-400,Wiring harness,48,2026-02-25T09:00:00,2026-03-04T09:00:00,munich
PO-100065,SUP-1001,Bosch,PN-SNS-300,Wheel speed sensor,96,2026-02-13T15:00:00,2026-02-18T15:00:00,munich
PO-100066,SUP-1003,ZF Friedrichshafen,PN-ALT-200,Alternator,48,2026-02-27T13:00:00,2026-03-04T13:00:00,munich
PO-100067,SUP-1003,ZF Friedrichshafen,PN-BRK-100,Brake caliper,96,2026-02-13T10:00:00,2026-02-20T10:00:00,munich
PO-100068,SUP-1005,Hella,PN-SNS-300,Wheel speed sensor,144,2026-02-16T07:00:00,2026-02-22T07:00:00,munich
PO-100069,SUP-1003,ZF Friedrichshafen,PN-LMP-500,Headlamp module,96,2026-02-22T08:00:00,2026-02-28T08:00:00,munich
PO-100070,SUP-1003,ZF Friedrichshafen,PN-LMP-500,Headlamp module,48,2026-02-13T12:00:00,2026-02-18T12:00:00,munich
PO-100071,SUP-1005,Hella,PN-ALT-200,Alternator,144,2026-02-16T09:00:00,2026-02-21T09:00:00,munich
PO-100072,SUP-1002,Continental,PN-LMP-500,Headlamp module,48,2026-02-13T08:00:00,2026-02-18T08:00:00,munich
PO-100073,SUP-1005,Hella,PN-ALT-200,Alternator,144,2026-02-13T14:00:00,2026-02-18T14:00:00,munich
PO-100074,SUP-1001,Bosch,PN-SNS-300,Wheel speed sensor,144,2026-02-15T07:00:00,2026-02-19T07:00:00,munich
PO-100075,SUP-1005,Hella,PN-ALT-200,Alternator,96,2026-02-20T09:00:00,2026-02-26T09:00:00,munich
PO-100076,SUP-1001,Bosch,PN-BRK-100,Brake caliper,12,2026-02-14T12:00:00,2026-02-17T12:00:00,munich
PO-100077,SUP-1003,ZF Friedrichshafen,PN-LMP-500,Headlamp module,48,2026-02-18T07:00:00,2026-02-25T07:00:00,munich
PO-100078,SUP-1005,Hella,PN-LMP-500,Headlamp module,144,2026-02-13T15:00:00,2026-02-18T15:00:00,munich
PO-100079,SUP-1001,Bosch,PN-ALT-200,Alternator,12,2026-02-14T14:00:00,2026-02-18T14:00:00,munich
PO-100080,SUP-1001,Bosch,PN-SNS-300,Wheel speed sensor,96,2026-02-23T12:00:00,2026-03-01T12:00:00,munich
PO-100081,SUP-1003,ZF Friedrichshafen,PN-BRK-100,Brake caliper,24,2026-02-19T15:00:00,2026-02-22T15:00:00,munich
PO-100082,SUP-1002,Continental,PN-HRN-400,Wiring harness,144,2026-02-24T09:00:00,2026-03-03T09:00:00,munich
PO-100083,SUP-1001,Bosch,PN-SNS-300,Wheel speed sensor,144,2026-02-19T15:00:00,2026-02-25T15:00:00,munich
PO-100084,SUP-1001,Bosch,PN-ALT-200,Alternator,96,2026-02-22T12:00:00,2026-03-01T12:00:00,munich
PO-100085,SUP-1002,Continental,PN-ALT-200,Alternator,12,2026-02-15T10:00:00,2026-02-19T10:00:00,munich
PO-100086,SUP-1005,Hella,PN-SNS-300,Wheel speed sensor,48,2026-02-15T13:00:00,2026-02-18T13:00:00,munich
PO-100087,SUP-1003,ZF Friedrichshafen,PN-SNS-300,Wheel speed sensor,12,2026-02-23T07:00:00,2026-03-02T07:00:00,munich
PO-100088,SUP-1004,Mahle,PN-LMP-500,Headlamp module,24,2026-02-13T13:00:00,2026-02-16T13:00:00,munich
PO-100089,SUP-1002,Continental,PN-SNS-300,Wheel speed sensor,48,2026-02-27T10:00:00,2026-03-05T10:00:00,munich
PO-100090,SUP-1004,Mahle,PN-SNS-300,Wheel speed sensor,48,2026-02-24T15:00:00,2026-02-28T15:00:00,munich
PO-100091,SUP-1003,ZF Friedrichshafen,PN-ALT-200,Alternator,144,2026-02-14T12:00:00,2026-02-21T12:00:00,munich
PO-100092,SUP-1001,Bosch,PN-LMP-500,Headlamp module,144,2026-02-26T14:00:00,2026-03-01T14:00:00,munich
PO-100093,SUP-1001,Bosch,PN-HRN-400,Wiring harness,48,2026-02-23T09:00:00,2026-03-01T09:00:00,munich
PO-100094,SUP-1005,Hella,PN-HRN-400,Wiring harness,96,2026-02-25T10:00:00,2026-03-03T10:00:00,munich
PO-100095,SUP-1005,Hella,PN-BRK-100,Brake caliper,144,2026-02-26T07:00:00,2026-03-03T07:00:00,munich
PO-100096,SUP-1004,Mahle,PN-SNS-300,Wheel speed sensor,12,2026-02-19T06:00:00,2026-02-25T06:00:00,munich
PO-100097,SUP-1002,Continental,PN-BRK-100,Brake caliper,48,2026-02-27T13:00:00,2026-03-03T13:00:00,munich
PO-100098,SUP-1005,Hella,PN-LMP-500,Headlamp module,144,2026-02-19T07:00:00,2026-02-24T07:00:00,munich
PO-100099,SUP-1002,Continental,PN-SNS-300,Wheel speed sensor,96,2026-02-13T15:00:00,2026-02-18T15:00:00,munich
PO-100100,SUP-1003,ZF Friedrichshafen,PN-SNS-300,Wheel speed sensor,12,2026-02-18T07:00:00,2026-02-23T07:00:00,munich
PO-100101,SUP-1004,Mahle,PN-HRN-400,Wiring harness,24,2026-02-25T08:00:00,2026-02-28T08:00:00,munich
PO-100102,SUP-1003,ZF Friedrichshafen,PN-SNS-300,Wheel speed sensor,144,2026-02-19T14:00:00,2026-02-25T14:00:00,munich
PO-100103,SUP-1004,Mahle,PN-SNS-300,Wheel speed sensor,24,2026-02-20T13:00:00,2026-02-25T13:00:00,munich
PO-100104,SUP-1003,ZF Friedrichshafen,PN-SNS-300,Wheel speed sensor,96,2026-02-22T12:00:00,2026-02-26T12:00:00,munich
PO-100105,SUP-1003,ZF Friedrichshafen,PN-BRK-100,Brake caliper,12,2026-02-23T12:00:00,2026-02-28T12:00:00,munich
PO-100106,SUP-1004,Mahle,PN-LMP-500,Headlamp module,12,2026-02-22T08:00:00,2026-02-28T08:00:00,munich
PO-100107,SUP-1004,Mahle,PN-LMP-500,Headlamp module,96,2026-02-27T14:00:00,2026-03-02T14:00:00,munich
PO-100108,SUP-1002,Continental,PN-BRK-100,Brake caliper,96,2026-02-15T13:00:00,2026-02-18T13:00:00,munich
PO-100109,SUP-1002,Continental,PN-SNS-300,Wheel speed sensor,144,2026-02-16T07:00:00,2026-02-20T07:00:00,munich
PO-100110,SUP-1004,Mahle,PN-LMP-500,Headlamp module,96,2026-02-25T12:00:00,2026-03-04T12:00:00,munich
PO-100111,SUP-1005,Hella,PN-ALT-200,Alternator,24,2026-02-19T14:00:00,2026-02-22T14:00:00,munich
PO-100112,SUP-1005,Hella,PN-SNS-300,Wheel speed sensor,24,2026-02-23T10:00:00,2026-03-02T10:00:00,munich
PO-100113,SUP-1005,Hella,PN-SNS-300,Wheel speed sensor,24,2026-02-25T15:00:00,2026-03-03T15:00:00,munich
PO-100114,SUP-1004,Mahle,PN-BRK-100,Brake caliper,12,2026-02-15T13:00:00,2026-02-21T13:00:00,munich
PO-100115,SUP-1003,ZF Friedrichshafen,PN-HRN-400,Wiring harness,24,2026-02-15T07:00:00,2026-02-18T07:00:00,munich
PO-100116,SUP-1005,Hella,PN-HRN-400,Wiring harness,96,2026-02-27T10:00:00,2026-03-05T10:00:00,munich
PO-100117,SUP-1004,Mahle,PN-LMP-500,Headlamp module,96,2026-02-17T14:00:00,2026-02-20T14:00:00,munich
PO-100118,SUP-1005,Hella,PN-SNS-300,Wheel speed sensor,12,2026-02-19T14:00:00,2026-02-25T14:00:00,munich
PO-100119,SUP-1005,Hella,PN-HRN-400,Wiring harness,144,2026-02-13T06:00:00,2026-02-16T06:00:00,munich
PO-100120,SUP-1005,Hella,PN-SNS-300,Wheel speed sensor,144,2026-02-26T14:00:00,2026-03-05T14:00:00,munich
PO-100121,SUP-1005,Hella,PN-SNS-300,Wheel speed sensor,12,2026-02-22T13:00:00,2026-02-27T13:00:00,munich
PO-100122,SUP-1004,Mahle,PN-ALT-200,Alternator,24,2026-02-13T15:00:00,2026-02-16T15:00:00,munich
PO-100123,SUP-1002,Continental,PN-LMP-500,Headlamp module,24,2026-02-21T11:00:00,2026-02-27T11:00:00,munich
PO-100124,SUP-1002,Continental,PN-SNS-300,Wheel speed sensor,48,2026-02-24T09:00:00,2026-03-02T09:00:00,munich
PO-100125,SUP-1003,ZF Friedrichshafen,PN-ALT-200,Alternator,48,2026-02-13T10:00:00,2026-02-16T10:00:00,munich
PO-100126,SUP-1005,Hella,PN-ALT-200,Alternator,24,2026-02-13T14:00:00,2026-02-17T14:00:00,munich
PO-100127,SUP-1004,Mahle,PN-HRN-400,Wiring harness,24,2026-02-25T10:00:00,2026-03-02T10:00:00,munich
PO-100128,SUP-1002,Continental,PN-BRK-100,Brake caliper,96,2026-02-25T13:00:00,2026-03-01T13:00:00,munich
PO-100129,SUP-1002,Continental,PN-LMP-500,Headlamp module,96,2026-02-17T09:00:00,2026-02-20T09:00:00,munich
PO-100130,SUP-1004,Mahle,PN-HRN-400,Wiring harness,144,2026-02-18T07:00:00,2026-02-24T07:00:00,munich
PO-100131,SUP-1003,ZF Friedrichshafen,PN-LMP-500,Headlamp module,144,2026-02-13T10:00:00,2026-02-18T10:00:00,munich
PO-100132,SUP-1005,Hella,PN-SNS-300,Wheel speed sensor,96,2026-02-24T14:00:00,2026-03-02T14:00:00,munich
PO-100133,SUP-1003,ZF Friedrichshafen,PN-BRK-100,Brake caliper,144,2026-02-14T06:00:00,2026-02-21T06:00:00,munich
PO-100134,SUP-1005,Hella,PN-HRN-400,Wiring harness,12,2026-02-20T08:00:00,2026-02-27T08:00:00,munich
PO-100135,SUP-1001,Bosch,PN-HRN-400,Wiring harness,48,2026-02-24T07:00:00,2026-03-03T07:00:00,munich
PO-100136,SUP-1002,Continental,PN-HRN-400,Wiring harness,48,2026-02-27T12:00:00,2026-03-05T12:00:00,munich
PO-100137,SUP-1004,Mahle,PN-LMP-500,Headlamp module,24,2026-02-24T09:00:00,2026-02-27T09:00:00,munich
PO-100138,SUP-1001,Bosch,PN-BRK-100,Brake caliper,96,2026-02-22T06:00:00,2026-02-26T06:00:00,munich
PO-100139,SUP-1003,ZF Friedrichshafen,PN-ALT-200,Alternator,144,2026-02-18T15:00:00,2026-02-25T15:00:00,munich
PO-100140,SUP-1002,Continental,PN-HRN-400,Wiring harness,144,2026-02-20T06:00:00,2026-02-25T06:00:00,munich
PO-100141,SUP-1002,Continental,PN-SNS-300,Wheel speed sensor,24,2026-02-25T13:00:00,2026-02-28T13:00:00,munich
PO-100142,SUP-1001,Bosch,PN-LMP-500,Headlamp module,24,2026-02-13T10:00:00,2026-02-19T10:00:00,munich
PO-100143,SUP-1001,Bosch,PN-HRN-400,Wiring harness,24,2026-02-24T15:00:00,2026-02-28T15:00:00,munich
PO-100144,SUP-1004,Mahle,PN-SNS-300,Wheel speed sensor,24,2026-02-18T11:00:00,2026-02-24T11:00:00,munich
PO-100145,SUP-1004,Mahle,PN-LMP-500,Headlamp module,48,2026-02-17T13:00:00,2026-02-23T13:00:00,munich
PO-100146,SUP-1001,Bosch,PN-BRK-100,Brake caliper,12,2026-02-19T08:00:00,2026-02-23T08:00:00,munich
PO-100147,SUP-1001,Bosch,PN-BRK-100,Brake caliper,144,2026-02-24T10:00:00,2026-03-03T10:00:00,munich
PO-100148,SUP-1005,Hella,PN-SNS-300,Wheel speed sensor,48,2026-02-17T12:00:00,2026-02-20T12:00:00,munich
PO-100149,SUP-1001,Bosch,PN-ALT-200,Alternator,12,2026-02-20T12:00:00,2026-02-25T12:00:00,munich
PO-100150,SUP-1001,Bosch,PN-SNS-300,Wheel speed sensor,144,2026-02-22T06:00:00,2026-02-26T06:00:00,munich
PO-100151,SUP-1005,Hella,PN-SNS-300,Wheel speed sensor,96,2026-02-25T08:00:00,2026-02-28T08:00:00,munich
PO-100152,SUP-1003,ZF Friedrichshafen,PN-HRN-400,Wiring harness,96,2026-02-16T11:00:00,2026-02-23T11:00:00,munich
PO-100153,SUP-1002,Continental,PN-HRN-400,Wiring harness,48,2026-02-18T07:00:00,2026-02-21T07:00:00,munich
PO-100154,SUP-1001,Bosch,PN-BRK-100,Brake caliper,12,2026-02-18T14:00:00,2026-02-21T14:00:00,munich
PO-100155,SUP-1002,Continental,PN-HRN-400,Wiring harness,24,2026-02-15T10:00:00,2026-02-20T10:00:00,munich
PO-100156,SUP-1005,Hella,PN-LMP-500,Headlamp module,24,2026-02-20T07:00:00,2026-02-24T07:00:00,munich
PO-100157,SUP-1002,Continental,PN-SNS-300,Wheel speed sensor,48,2026-02-22T09:00:00,2026-02-28T09:00:00,munich
PO-100158,SUP-1005,Hella,PN-ALT-200,Alternator,144,2026-02-21T08:00:00,2026-02-28T08:00:00,munich
PO-100159,SUP-1004,Mahle,PN-ALT-200,Alternator,48,2026-02-16T10:00:00,2026-02-20T10:00:00,munich
PO-100160,SUP-1003,ZF Friedrichshafen,PN-LMP-500,Headlamp module,144,2026-02-23T07:00:00,2026-02-26T07:00:00,munich
PO-100161,SUP-1005,Hella,PN-LMP-500,Headlamp module,144,2026-02-24T15:00:00,2026-02-28T15:00:00,munich
PO-100162,SUP-1002,Continental,PN-SNS-300,Wheel speed sensor,48,2026-02-18T13:00:00,2026-02-22T13:00:00,munich
PO-100163,SUP-1001,Bosch,PN-ALT-200,Alternator,24,2026-02-21T08:00:00,2026-02-28T08:00:00,munich
PO-100164,SUP-1002,Continental,PN-HRN-400,Wiring harness,144,2026-02-19T12:00:00,2026-02-22T12:00:00,munich
PO-100165,SUP-1004,Mahle,PN-LMP-500,Headlamp module,48,2026-02-22T12:00:00,2026-03-01T12:00:00,munich
PO-100166,SUP-1002,Continental,PN-LMP-500,Headlamp module,96,2026-02-19T15:00:00,2026-02-23T15:00:00,munich
PO-100167,SUP-1003,ZF Friedrichshafen,PN-BRK-100,Brake caliper,96,2026-02-15T09:00:00,2026-02-21T09:00:00,munich
PO-100168,SUP-1003,ZF Friedrichshafen,PN-ALT-200,Alternator,144,2026-02-17T08:00:00,2026-02-23T08:00:00,munich
PO-100169,SUP-1001,Bosch,PN-HRN-400,Wiring harness,144,2026-02-16T12:00:00,2026-02-19T12:00:00,munich
PO-100170,SUP-1005,Hella,PN-SNS-300,Wheel speed sensor,144,2026-02-23T12:00:00,2026-02-27T12:00:00,munich
PO-100171,SUP-1005,Hella,PN-SNS-300,Wheel speed sensor,144,2026-02-27T07:00:00,2026-03-03T07:00:00,munich
PO-100172,SUP-1003,ZF Friedrichshafen,PN-ALT-200,Alternator,96,2026-02-20T08:00:00,2026-02-27T08:00:00,munich
PO-100173,SUP-1003,ZF Friedrichshafen,PN-LMP-500,Headlamp module,12,2026-02-26T07:00:00,2026-03-04T07:00:00,munich
PO-100174,SUP-1003,ZF Friedrichshafen,PN-SNS-300,Wheel speed sensor,144,2026-02-22T08:00:00,2026-03-01T08:00:00,munich
PO-100175,SUP-1001,Bosch,PN-HRN-400,Wiring harness,24,2026-02-24T08:00:00,2026-03-01T08:00:00,munich
PO-100176,SUP-1003,ZF Friedrichshafen,PN-ALT-200,Alternator,96,2026-02-23T07:00:00,2026-02-26T07:00:00,munich
PO-100177,SUP-1004,Mahle,PN-BRK-100,Brake caliper,24,2026-02-19T07:00:00,2026-02-22T07:00:00,munich
PO-100178,SUP-1004,Mahle,PN-SNS-300,Wheel speed sensor,24,2026-02-23T08:00:00,2026-03-01T08:00:00,munich
PO-100179,SUP-1001,Bosch,PN-ALT-200,Alternator,144,2026-02-22T15:00:00,2026-03-01T15:00:00,munich
PO-100180,SUP-1005,Hella,PN-ALT-200,Alternator,96,2026-02-17T06:00:00,2026-02-21T06:00:00,munich
PO-100181,SUP-1005,Hella,PN-ALT-200,Alternator,96,2026-02-25T07:00:00,2026-02-28T07:00:00,munich
PO-100182,SUP-1005,Hella,PN-HRN-400,Wiring harness,96,2026-02-24T12:00:00,2026-02-27T12:00:00,munich
PO-100183,SUP-1001,Bosch,PN-SNS-300,Wheel speed sensor,96,2026-02-24T09:00:00,2026-02-27T09:00:00,munich
PO-100184,SUP-1003,ZF Friedrichshafen,PN-LMP-500,Headlamp module,144,2026-02-25T10:00:00,2026-03-01T10:00:00,munich
PO-100185,SUP-1001,Bosch,PN-HRN-400,Wiring harness,96,2026-02-21T11:00:00,2026-02-24T11:00:00,munich
PO-100186,SUP-1001,Bosch,PN-ALT-200,Alternator,12,2026-02-20T11:00:00,2026-02-26T11:00:00,munich
PO-100187,SUP-1001,Bosch,PN-LMP-500,Headlamp module,48,2026-02-14T14:00:00,2026-02-17T14:00:00,munich
PO-100188,SUP-1005,Hella,PN-SNS-300,Wheel speed sensor,144,2026-02-16T13:00:00,2026-02-21T13:00:00,munich
PO-100189,SUP-1001,Bosch,PN-SNS-300,Wheel speed sensor,12,2026-02-25T12:00:00,2026-03-02T12:00:00,munich
PO-100190,SUP-1003,ZF Friedrichshafen,PN-BRK-100,Brake caliper,12,2026-02-27T09:00:00,2026-03-06T09:00:00,munich
PO-100191,SUP-1004,Mahle,PN-BRK-100,Brake caliper,144,2026-02-22T06:00:00,2026-02-28T06:00:00,munich
PO-100192,SUP-1005,Hella,PN-BRK-100,Brake caliper,24,2026-02-14T08:00:00,2026-02-20T08:00:00,munich
PO-100193,SUP-1003,ZF Friedrichshafen,PN-LMP-500,Headlamp module,12,2026-02-16T11:00:00,2026-02-20T11:00:00,munich
PO-100194,SUP-1004,Mahle,PN-HRN-400,Wiring harness,144,2026-02-24T14:00:00,2026-02-28T14:00:00,munich
PO-100195,SUP-1001,Bosch,PN-LMP-500,Headlamp module,144,2026-02-17T07:00:00,2026-02-20T07:00:00,munich
PO-100196,SUP-1004,Mahle,PN-HRN-400,Wiring harness,96,2026-02-13T12:00:00,2026-02-19T12:00:00,munich
PO-100197,SUP-1001,Bosch,PN-SNS-300,Wheel speed sensor,96,2026-02-15T12:00:00,2026-02-19T12:00:00,munich
PO-100198,SUP-1005,Hella,PN-SNS-300,Wheel speed sensor,96,2026-02-17T08:00:00,2026-02-20T08:00:00,munich
PO-100199,SUP-1002,Continental,PN-SNS-300,Wheel speed sensor,144,2026-02-26T06:00:00,2026-03-02T06:00:00,munich
PO-100200,SUP-1003,ZF Friedrichshafen,PN-LMP-500,Headlamp module,144,2026-02-15T15:00:00,2026-02-19T15:00:00,munich
PO-100201,SUP-1001,Bosch,PN-SNS-300,Wheel speed sensor,144,2026-02-16T08:00:00,2026-02-21T08:00:00,munich
PO-100202,SUP-1003,ZF Friedrichshafen,PN-BRK-100,Brake caliper,48,2026-02-24T12:00:00,2026-03-03T12:00:00,munich
PO-100203,SUP-1005,Hella,PN-ALT-200,Alternator,96,2026-02-17T10:00:00,2026-02-21T10:00:00,munich
PO-100204,SUP-1005,Hella,PN-BRK-100,Brake caliper,96,2026-02-15T11:00:00,2026-02-18T11:00:00,munich
PO-100205,SUP-1001,Bosch,PN-BRK-100,Brake caliper,12,2026-02-19T13:00:00,2026-02-25T13:00:00,munich
PO-100206,SUP-1001,Bosch,PN-BRK-100,Brake caliper,48,2026-02-13T11:00:00,2026-02-18T11:00:00,munich
PO-100207,SUP-1004,Mahle,PN-ALT-200,Alternator,144,2026-02-27T12:00:00,2026-03-03T12:00:00,munich
PO-100208,SUP-1002,Continental,PN-BRK-100,Brake caliper,12,2026-02-19T15:00:00,2026-02-26T15:00:00,munich
PO-100209,SUP-1001,Bosch,PN-HRN-400,Wiring harness,12,2026-02-17T12:00:00,2026-02-23T12:00:00,munich
PO-100210,SUP-1003,ZF Friedrichshafen,PN-ALT-200,Alternator,48,2026-02-22T06:00:00,2026-02-26T06:00:00,munich
PO-100211,SUP-1001,Bosch,PN-LMP-500,Headlamp module,144,2026-02-27T14:00:00,2026-03-06T14:00:00,munich
PO-100212,SUP-1002,Continental,PN-BRK-100,Brake caliper,96,2026-02-14T12:00:00,2026-02-18T12:00:00,munich
PO-100213,SUP-1005,Hella,PN-HRN-400,Wiring harness,12,2026-02-25T15:00:00,2026-03-04T15:00:00,munich
PO-100214,SUP-1003,ZF Friedrichshafen,PN-HRN-400,Wiring harness,48,2026-02-19T13:00:00,2026-02-26T13:00:00,munich
PO-100215,SUP-1003,ZF Friedrichshafen,PN-BRK-100,Brake caliper,48,2026-02-26T10:00:00,2026-03-03T10:00:00,munich
PO-100216,SUP-1004,Mahle,PN-SNS-300,Wheel speed sensor,48,2026-02-24T12:00:00,2026-03-03T12:00:00,munich
PO-100217,SUP-1005,Hella,PN-ALT-200,Alternator,12,2026-02-17T14:00:00,2026-02-23T14:00:00,munich
PO-100218,SUP-1002,Continental,PN-SNS-300,Wheel speed sensor,48,2026-02-26T13:00:00,2026-03-05T13:00:00,munich
PO-100219,SUP-1004,Mahle,PN-LMP-500,Headlamp module,144,2026-02-18T11:00:00,2026-02-22T11:00:00,munich
PO-100220,SUP-1002,Continental,PN-ALT-200,Alternator,48,2026-02-23T12:00:00,2026-03-02T12:00:00,munich
PO-100221,SUP-1002,Continental,PN-ALT-200,Alternator,144,2026-02-25T06:00:00,2026-03-01T06:00:00,munich
PO-100222,SUP-1004,Mahle,PN-LMP-500,Headlamp module,12,2026-02-13T14:00:00,2026-02-18T14:00:00,munich
PO-100223,SUP-1003,ZF Friedrichshafen,PN-ALT-200,Alternator,24,2026-02-21T09:00:00,2026-02-24T09:00:00,munich
PO-100224,SUP-1004,Mahle,PN-HRN-400,Wiring harness,12,2026-02-22T15:00:00,2026-02-26T15:00:00,munich
PO-100225,SUP-1004,Mahle,PN-ALT-200,Alternator,48,2026-02-24T14:00:00,2026-02-28T14:00:00,munich
PO-100226,SUP-1003,ZF Friedrichshafen,PN-HRN-400,Wiring harness,12,2026-02-20T06:00:00,2026-02-27T06:00:00,munich
PO-100227,SUP-1002,Continental,PN-SNS-300,Wheel speed sensor,96,2026-02-22T13:00:00,2026-02-26T13:00:00,munich
PO-100228,SUP-1002,Continental,PN-LMP-500,Headlamp module,24,2026-02-20T07:00:00,2026-02-24T07:00:00,munich
PO-100229,SUP-1005,Hella,PN-ALT-200,Alternator,12,2026-02-23T06:00:00,2026-02-27T06:00:00,munich
PO-100230,SUP-1005,Hella,PN-LMP-500,Headlamp module,144,2026-02-18T12:00:00,2026-02-22T12:00:00,munich
PO-100231,SUP-1005,Hella,PN-LMP-500,Headlamp module,24,2026-02-14T11:00:00,2026-02-17T11:00:00,munich
PO-100232,SUP-1004,Mahle,PN-HRN-400,Wiring harness,12,2026-02-21T10:00:00,2026-02-27T10:00:00,munich
PO-100233,SUP-1004,Mahle,PN-BRK-100,Brake caliper,144,2026-02-24T15:00:00,2026-02-27T15:00:00,munich
PO-100234,SUP-1004,Mahle,PN-ALT-200,Alternator,96,2026-02-18T09:00:00,2026-02-21T09:00:00,munich
PO-100235,SUP-1001,Bosch,PN-BRK-100,Brake caliper,24,2026-02-26T06:00:00,2026-03-03T06:00:00,munich
PO-100236,SUP-1002,Continental,PN-SNS-300,Wheel speed sensor,48,2026-02-27T13:00:00,2026-03-06T13:00:00,munich
PO-100237,SUP-1004,Mahle,PN-SNS-300,Wheel speed sensor,96,2026-02-24T13:00:00,2026-03-02T13:00:00,munich
PO-100238,SUP-1005,Hella,PN-HRN-400,Wiring harness,144,2026-02-23T13:00:00,2026-02-27T13:00:00,munich
PO-100239,SUP-1003,ZF Friedrichshafen,PN-SNS-300,Wheel speed sensor,12,2026-02-24T14:00:00,2026-03-03T14:00:00,munich
PO-100240,SUP-1002,Continental,PN-HRN-400,Wiring harness,48,2026-02-23T12:00:00,2026-02-27T12:00:00,munich
PO-100241,SUP-1001,Bosch,PN-HRN-400,Wiring harness,48,2026-02-16T11:00:00,2026-02-21T11:00:00,munich
PO-100242,SUP-1004,Mahle,PN-HRN-400,Wiring harness,48,2026-02-14T13:00:00,2026-02-17T13:00:00,munich
PO-100243,SUP-1005,Hella,PN-SNS-300,Wheel speed sensor,144,2026-02-21T09:00:00,2026-02-27T09:00:00,munich
PO-100244,SUP-1003,ZF Friedrichshafen,PN-HRN-400,Wiring harness,12,2026-02-14T09:00:00,2026-02-17T09:00:00,munich
PO-100245,SUP-1001,Bosch,PN-SNS-300,Wheel speed sensor,144,2026-02-16T09:00:00,2026-02-19T09:00:00,munich
PO-100246,SUP-1005,Hella,PN-BRK-100,Brake caliper,96,2026-02-20T15:00:00,2026-02-27T15:00:00,munich
PO-100247,SUP-1004,Mahle,PN-LMP-500,Headlamp module,24,2026-02-24T15:00:00,2026-02-28T15:00:00,munich
PO-100248,SUP-1002,Continental,PN-ALT-200,Alternator,96,2026-02-22T14:00:00,2026-02-27T14:00:00,munich
PO-100249,SUP-1002,Continental,PN-LMP-500,Headlamp module,144,2026-02-24T11:00:00,2026-02-27T11:00:00,munich
PO-100250,SUP-1001,Bosch,PN-ALT-200,Alternator,48,2026-02-25T08:00:00,2026-03-02T08:00:00,munich
PO-100251,SUP-1001,Bosch,PN-LMP-500,Headlamp module,144,2026-02-26T09:00:00,2026-03-05T09:00:00,munich
PO-100252,SUP-1003,ZF Friedrichshafen,PN-LMP-500,Headlamp module,12,2026-02-13T10:00:00,2026-02-17T10:00:00,munich
PO-100253,SUP-1001,Bosch,PN-ALT-200,Alternator,24,2026-02-24T14:00:00,2026-02-27T14:00:00,munich
PO-100254,SUP-1003,ZF Friedrichshafen,PN-LMP-500,Headlamp module,12,2026-02-25T15:00:00,2026-03-02T15:00:00,munich
PO-100255,SUP-1001,Bosch,PN-LMP-500,Headlamp module,24,2026-02-19T14:00:00,2026-02-26T14:00:00,munich
PO-100256,SUP-1005,Hella,PN-BRK-100,Brake caliper,12,2026-02-23T11:00:00,2026-03-01T11:00:00,munich
PO-100257,SUP-1003,ZF Friedrichshafen,PN-BRK-100,Brake caliper,144,2026-02-26T11:00:00,2026-03-05T11:00:00,munich
PO-100258,SUP-1002,Continental,PN-SNS-300,Wheel speed sensor,144,2026-02-14T07:00:00,2026-02-18T07:00:00,munich
PO-100259,SUP-1001,Bosch,PN-ALT-200,Alternator,12,2026-02-20T11:00:00,2026-02-23T11:00:00,munich
PO-100260,SUP-1004,Mahle,PN-BRK-100,Brake caliper,144,2026-02-13T15:00:00,2026-02-16T15:00:00,munich
PO-100261,SUP-1004,Mahle,PN-HRN-400,Wiring harness,96,2026-02-26T06:00:00,2026-03-04T06:00:00,munich
PO-100262,SUP-1005,Hella,PN-LMP-500,Headlamp module,24,2026-02-14T06:00:00,2026-02-17T06:00:00,munich
PO-100263,SUP-1002,Continental,PN-ALT-200,Alternator,144,2026-02-26T10:00:00,2026-03-02T10:00:00,munich
PO-100264,SUP-1001,Bosch,PN-SNS-300,Wheel speed sensor,12,2026-02-16T15:00:00,2026-02-22T15:00:00,munich
PO-100265,SUP-1003,ZF Friedrichshafen,PN-LMP-500,Headlamp module,24,2026-02-22T15:00:00,2026-02-27T15:00:00,munich
PO-100266,SUP-1003,ZF Friedrichshafen,PN-SNS-300,Wheel speed sensor,96,2026-02-21T07:00:00,2026-02-25T07:00:00,munich
PO-100267,SUP-1005,Hella,PN-LMP-500,Headlamp module,96,2026-02-25T15:00:00,2026-03-01T15:00:00,munich
PO-100268,SUP-1002,Continental,PN-HRN-400,Wiring harness,144,2026-02-21T07:00:00,2026-02-27T07:00:00,munich
PO-100269,SUP-1002,Continental,PN-HRN-400,Wiring harness,48,2026-02-13T09:00:00,2026-02-19T09:00:00,munich
PO-100270,SUP-1003,ZF Friedrichshafen,PN-BRK-100,Brake caliper,144,2026-02-23T10:00:00,2026-02-28T10:00:00,munich
PO-100271,SUP-1003,ZF Friedrichshafen,PN-HRN-400,Wiring harness,96,2026-02-27T15:00:00,2026-03-02T15:00:00,munich
PO-100272,SUP-1003,ZF Friedrichshafen,PN-LMP-500,Headlamp module,12,2026-02-23T09:00:00,2026-03-01T09:00:00,munich
PO-100273,SUP-1005,Hella,PN-LMP-500,Headlamp module,24,2026-02-15T14:00:00,2026-02-18T14:00:00,munich
PO-100274,SUP-1002,Continental,PN-ALT-200,Alternator,96,2026-02-22T08:00:00,2026-03-01T08:00:00,munich
PO-100275,SUP-1001,Bosch,PN-BRK-100,Brake caliper,24,2026-02-21T14:00:00,2026-02-27T14:00:00,munich
PO-100276,SUP-1004,Mahle,PN-LMP-500,Headlamp module,96,2026-02-18T06:00:00,2026-02-25T06:00:00,munich
PO-100277,SUP-1001,Bosch,PN-SNS-300,Wheel speed sensor,144,2026-02-27T14:00:00,2026-03-05T14:00:00,munich
PO-100278,SUP-1002,Continental,PN-SNS-300,Wheel speed sensor,96,2026-02-18T07:00:00,2026-02-22T07:00:00,munich
PO-100279,SUP-1005,Hella,PN-HRN-400,Wiring harness,24,2026-02-18T14:00:00,2026-02-25T14:00:00,munich
PO-100280,SUP-1001,Bosch,PN-ALT-200,Alternator,144,2026-02-19T11:00:00,2026-02-26T11:00:00,munich
PO-100281,SUP-1001,Bosch,PN-HRN-400,Wiring harness,96,2026-02-22T14:00:00,2026-02-27T14:00:00,munich
PO-100282,SUP-1001,Bosch,PN-LMP-500,Headlamp module,144,2026-02-21T09:00:00,2026-02-28T09:00:00,munich
PO-100283,SUP-1001,Bosch,PN-BRK-100,Brake caliper,144,2026-02-17T14:00:00,2026-02-24T14:00:00,munich
PO-100284,SUP-1003,ZF Friedrichshafen,PN-BRK-100,Brake caliper,144,2026-02-17T14:00:00,2026-02-24T14:00:00,munich
PO-100285,SUP-1003,ZF Friedrichshafen,PN-BRK-100,Brake caliper,96,2026-02-23T09:00:00,2026-02-27T09:00:00,munich
PO-100286,SUP-1002,Continental,PN-HRN-400,Wiring harness,48,2026-02-18T09:00:00,2026-02-25T09:00:00,munich
PO-100287,SUP-1003,ZF Friedrichshafen,PN-ALT-200,Alternator,12,2026-02-14T07:00:00,2026-02-20T07:00:00,munich
PO-100288,SUP-1005,Hella,PN-SNS-300,Wheel speed sensor,96,2026-02-16T15:00:00,2026-02-20T15:00:00,munich
PO-100289,SUP-1004,Mahle,PN-SNS-300,Wheel speed sensor,12,2026-02-13T09:00:00,2026-02-19T09:00:00,munich
PO-100290,SUP-1004,Mahle,PN-ALT-200,Alternator,96,2026-02-24T11:00:00,2026-03-01T11:00:00,munich
PO-100291,SUP-1004,Mahle,PN-ALT-200,Alternator,24,2026-02-25T08:00:00,2026-03-03T08:00:00,munich
PO-100292,SUP-1005,Hella,PN-LMP-500,Headlamp module,12,2026-02-19T07:00:00,2026-02-23T07:00:00,munich
PO-100293,SUP-1004,Mahle,PN-BRK-100,Brake caliper,48,2026-02-26T15:00:00,2026-03-02T15:00:00,munich
PO-100294,SUP-1004,Mahle,PN-BRK-100,Brake caliper,96,2026-02-22T10:00:00,2026-02-28T10:00:00,munich
PO-100295,SUP-1003,ZF Friedrichshafen,PN-LMP-500,Headlamp module,96,2026-02-17T13:00:00,2026-02-22T13:00:00,munich
PO-100296,SUP-1002,Continental,PN-ALT-200,Alternator,96,2026-02-14T07:00:00,2026-02-17T07:00:00,munich
PO-100297,SUP-1004,Mahle,PN-SNS-300,Wheel speed sensor,24,2026-02-16T10:00:00,2026-02-22T10:00:00,munich
PO-100298,SUP-1004,Mahle,PN-LMP-500,Headlamp module,48,2026-02-21T13:00:00,2026-02-25T13:00:00,munich
PO-100299,SUP-1003,ZF Friedrichshafen,PN-HRN-400,Wiring harness,48,2026-02-15T10:00:00,2026-02-18T10:00:00,munich
PO-100300,SUP-1005,Hella,PN-ALT-200,Alternator,12,2026-02-21T11:00:00,2026-02-25T11:00:00,munich
PO-100301,SUP-1005,Hella,PN-SNS-300,Wheel speed sensor,48,2026-02-23T14:00:00,2026-02-28T14:00:00,munich
PO-100302,SUP-1001,Bosch,PN-ALT-200,Alternator,12,2026-02-17T10:00:00,2026-02-21T10:00:00,munich
PO-100303,SUP-1004,Mahle,PN-BRK-100,Brake caliper,48,2026-02-14T08:00:00,2026-02-17T08:00:00,munich
PO-100304,SUP-1004,Mahle,PN-ALT-200,Alternator,12,2026-02-16T13:00:00,2026-02-19T13:00:00,munich
PO-100305,SUP-1003,ZF Friedrichshafen,PN-HRN-400,Wiring harness,48,2026-02-16T11:00:00,2026-02-19T11:00:00,munich
PO-100306,SUP-1005,Hella,PN-HRN-400,Wiring harness,144,2026-02-15T11:00:00,2026-02-18T11:00:00,munich
PO-100307,SUP-1002,Continental,PN-HRN-400,Wiring harness,24,2026-02-18T14:00:00,2026-02-23T14:00:00,munich
PO-100308,SUP-1004,Mahle,PN-ALT-200,Alternator,144,2026-02-15T14:00:00,2026-02-20T14:00:00,munich
PO-100309,SUP-1001,Bosch,PN-LMP-500,Headlamp module,96,2026-02-24T08:00:00,2026-02-27T08:00:00,munich
PO-100310,SUP-1003,ZF Friedrichshafen,PN-SNS-300,Wheel speed sensor,96,2026-02-23T11:00:00,2026-02-26T11:00:00,munich
PO-100311,SUP-1004,Mahle,PN-ALT-200,Alternator,12,2026-02-13T15:00:00,2026-02-19T15:00:00,munich
PO-100312,SUP-1001,Bosch,PN-HRN-400,Wiring harness,12,2026-02-18T14:00:00,2026-02-24T14:00:00,munich
PO-100313,SUP-1002,Continental,PN-LMP-500,Headlamp module,96,2026-02-16T09:00:00,2026-02-23T09:00:00,munich
PO-100314,SUP-1002,Continental,PN-ALT-200,Alternator,144,2026-02-19T14:00:00,2026-02-24T14:00:00,munich
PO-100315,SUP-1003,ZF Friedrichshafen,PN-LMP-500,Headlamp module,24,2026-02-22T14:00:00,2026-02-26T14:00:00,munich
PO-100316,SUP-1001,Bosch,PN-SNS-300,Wheel speed sensor,144,2026-02-13T14:00:00,2026-02-17T14:00:00,munich
PO-100317,SUP-1001,Bosch,PN-HRN-400,Wiring harness,48,2026-02-15T08:00:00,2026-02-20T08:00:00,munich
PO-100318,SUP-1004,Mahle,PN-ALT-200,Alternator,96,2026-02-26T15:00:00,2026-03-01T15:00:00,munich
PO-100319,SUP-1002,Continental,PN-LMP-500,Headlamp module,12,2026-02-23T12:00:00,2026-02-26T12:00:00,munich
PO-100320,SUP-1005,Hella,PN-LMP-500,Headlamp module,12,2026-02-16T12:00:00,2026-02-21T12:00:00,munich
PO-100321,SUP-1002,Continental,PN-HRN-400,Wiring harness,144,2026-02-16T13:00:00,2026-02-22T13:00:00,munich
PO-100322,SUP-1004,Mahle,PN-HRN-400,Wiring harness,48,2026-02-18T09:00:00,2026-02-23T09:00:00,munich
PO-100323,SUP-1003,ZF Friedrichshafen,PN-ALT-200,Alternator,12,2026-02-14T06:00:00,2026-02-18T06:00:00,munich
PO-100324,SUP-1005,Hella,PN-ALT-200,Alternator,24,2026-02-21T14:00:00,2026-02-26T14:00:00,munich
PO-100325,SUP-1001,Bosch,PN-HRN-400,Wiring harness,12,2026-02-14T12:00:00,2026-02-19T12:00:00,munich
PO-100326,SUP-1003,ZF Friedrichshafen,PN-HRN-400,Wiring harness,144,2026-02-21T07:00:00,2026-02-25T07:00:00,munich
PO-100327,SUP-1003,ZF Friedrichshafen,PN-SNS-300,Wheel speed sensor,48,2026-02-16T14:00:00,2026-02-21T14:00:00,munich
PO-100328,SUP-1004,Mahle,PN-LMP-500,Headlamp module,144,2026-02-26T09:00:00,2026-03-04T09:00:00,munich
PO-100329,SUP-1005,Hella,PN-ALT-200,Alternator,24,2026-02-17T14:00:00,2026-02-21T14:00:00,munich
PO-100330,SUP-1004,Mahle,PN-HRN-400,Wiring harness,48,2026-02-20T10:00:00,2026-02-24T10:00:00,munich
PO-100331,SUP-1005,Hella,PN-ALT-200,Alternator,144,2026-02-16T09:00:00,2026-02-19T09:00:00,munich
PO-100332,SUP-1004,Mahle,PN-BRK-100,Brake caliper,48,2026-02-19T09:00:00,2026-02-23T09:00:00,munich
PO-100333,SUP-1004,Mahle,PN-SNS-300,Wheel speed sensor,96,2026-02-22T15:00:00,2026-03-01T15:00:00,munich
PO-100334,SUP-1004,Mahle,PN-BRK-100,Brake caliper,144,2026-02-19T14:00:00,2026-02-22T14:00:00,munich
PO-100335,SUP-1002,Continental,PN-HRN-400,Wiring harness,96,2026-02-14T14:00:00,2026-02-17T14:00:00,munich
PO-100336,SUP-1004,Mahle,PN-LMP-500,Headlamp module,24,2026-02-27T13:00:00,2026-03-02T13:00:00,munich
PO-100337,SUP-1004,Mahle,PN-SNS-300,Wheel speed sensor,12,2026-02-21T12:00:00,2026-02-28T12:00:00,munich
PO-100338,SUP-1002,Continental,PN-ALT-200,Alternator,12,2026-02-19T10:00:00,2026-02-24T10:00:00,munich
PO-100339,SUP-1001,Bosch,PN-LMP-500,Headlamp module,96,2026-02-16T09:00:00,2026-02-23T09:00:00,munich
PO-100340,SUP-1002,Continental,PN-BRK-100,Brake caliper,144,2026-02-26T15:00:00,2026-03-03T15:00:00,munich
PO-100341,SUP-1005,Hella,PN-SNS-300,Wheel speed sensor,12,2026-02-14T10:00:00,2026-02-19T10:00:00,munich
PO-100342,SUP-1004,Mahle,PN-LMP-500,Headlamp module,24,2026-02-24T09:00:00,2026-03-03T09:00:00,munich
PO-100343,SUP-1005,Hella,PN-LMP-500,Headlamp module,144,2026-02-18T08:00:00,2026-02-25T08:00:00,munich
PO-100344,SUP-1004,Mahle,PN-BRK-100,Brake caliper,24,2026-02-25T15:00:00,2026-03-03T15:00:00,munich
PO-100345,SUP-1003,ZF Friedrichshafen,PN-SNS-300,Wheel speed sensor,12,2026-02-17T10:00:00,2026-02-24T10:00:00,munich
PO-100346,SUP-1004,Mahle,PN-HRN-400,Wiring harness,12,2026-02-23T08:00:00,2026-03-01T08:00:00,munich
PO-100347,SUP-1005,Hella,PN-BRK-100,Brake caliper,24,2026-02-22T11:00:00,2026-02-27T11:00:00,munich
PO-100348,SUP-1003,ZF Friedrichshafen,PN-BRK-100,Brake caliper,48,2026-02-19T07:00:00,2026-02-25T07:00:00,munich
PO-100349,SUP-1004,Mahle,PN-LMP-500,Headlamp module,12,2026-02-25T13:00:00,2026-03-04T13:00:00,munich
PO-100350,SUP-1005,Hella,PN-ALT-200,Alternator,24,2026-02-24T06:00:00,2026-03-02T06:00:00,munich
PO-100351,SUP-1003,ZF Friedrichshafen,PN-BRK-100,Brake caliper,144,2026-02-25T10:00:00,2026-03-01T10:00:00,munich
PO-100352,SUP-1005,Hella,PN-LMP-500,Headlamp module,12,2026-02-16T14:00:00,2026-02-21T14:00:00,munich
PO-100353,SUP-1002,Continental,PN-BRK-100,Brake caliper,96,2026-02-27T06:00:00,2026-03-02T06:00:00,munich
PO-100354,SUP-1002,Continental,PN-LMP-500,Headlamp module,12,2026-02-27T13:00:00,2026-03-06T13:00:00,munich
PO-100355,SUP-1004,Mahle,PN-HRN-400,Wiring harness,24,2026-02-16T08:00:00,2026-02-23T08:00:00,munich
PO-100356,SUP-1004,Mahle,PN-BRK-100,Brake caliper,48,2026-02-20T13:00:00,2026-02-24T13:00:00,munich
PO-100357,SUP-1005,Hella,PN-ALT-200,Alternator,144,2026-02-15T13:00:00,2026-02-21T13:00:00,munich
PO-100358,SUP-1005,Hella,PN-HRN-400,Wiring harness,12,2026-02-22T15:00:00,2026-02-28T15:00:00,munich
PO-100359,SUP-1001,Bosch,PN-BRK-100,Brake caliper,24,2026-02-26T08:00:00,2026-03-05T08:00:00,munich
PO-100360,SUP-1002,Continental,PN-ALT-200,Alternator,96,2026-02-21T10:00:00,2026-02-27T10:00:00,munich
PO-100361,SUP-1005,Hella,PN-LMP-500,Headlamp module,96,2026-02-26T08:00:00,2026-03-03T08:00:00,munich
PO-100362,SUP-1002,Continental,PN-HRN-400,Wiring harness,144,2026-02-19T11:00:00,2026-02-25T11:00:00,munich
PO-100363,SUP-1002,Continental,PN-ALT-200,Alternator,12,2026-02-14T06:00:00,2026-02-18T06:00:00,munich
PO-100364,SUP-1005,Hella,PN-ALT-200,Alternator,96,2026-02-21T12:00:00,2026-02-28T12:00:00,munich
PO-100365,SUP-1005,Hella,PN-LMP-500,Headlamp module,48,2026-02-13T06:00:00,2026-02-20T06:00:00,munich
PO-100366,SUP-1001,Bosch,PN-LMP-500,Headlamp module,144,2026-02-17T15:00:00,2026-02-20T15:00:00,munich
PO-100367,SUP-1004,Mahle,PN-SNS-300,Wheel speed sensor,48,2026-02-17T08:00:00,2026-02-20T08:00:00,munich
PO-100368,SUP-1005,Hella,PN-BRK-100,Brake caliper,48,2026-02-20T07:00:00,2026-02-24T07:00:00,munich
PO-100369,SUP-1001,Bosch,PN-LMP-500,Headlamp module,24,2026-02-27T15:00:00,2026-03-03T15:00:00,munich
PO-100370,SUP-1001,Bosch,PN-ALT-200,Alternator,144,2026-02-27T08:00:00,2026-03-05T08:00:00,munich
PO-100371,SUP-1003,ZF Friedrichshafen,PN-BRK-100,Brake caliper,12,2026-02-15T13:00:00,2026-02-21T13:00:00,munich
PO-100372,SUP-1004,Mahle,PN-SNS-300,Wheel speed sensor,144,2026-02-23T06:00:00,2026-02-26T06:00:00,munich
PO-100373,SUP-1004,Mahle,PN-ALT-200,Alternator,144,2026-02-25T09:00:00,2026-03-04T09:00:00,munich
PO-100374,SUP-1004,Mahle,PN-BRK-100,Brake caliper,144,2026-02-14T13:00:00,2026-02-19T13:00:00,munich
PO-100375,SUP-1001,Bosch,PN-BRK-100,Brake caliper,12,2026-02-26T15:00:00,2026-03-02T15:00:00,munich
PO-100376,SUP-1003,ZF Friedrichshafen,PN-HRN-400,Wiring harness,12,2026-02-23T13:00:00,2026-02-28T13:00:00,munich
PO-100377,SUP-1001,Bosch,PN-SNS-300,Wheel speed sensor,48,2026-02-15T13:00:00,2026-02-18T13:00:00,munich
PO-100378,SUP-1001,Bosch,PN-HRN-400,Wiring harness,48,2026-02-14T06:00:00,2026-02-17T06:00:00,munich
PO-100379,SUP-1002,Continental,PN-SNS-300,Wheel speed sensor,96,2026-02-22T06:00:00,2026-03-01T06:00:00,munich
PO-100380,SUP-1005,Hella,PN-SNS-300,Wheel speed sensor,48,2026-02-23T10:00:00,2026-03-01T10:00:00,munich
PO-100381,SUP-1005,Hella,PN-BRK-100,Brake caliper,96,2026-02-23T09:00:00,2026-02-28T09:00:00,munich
PO-100382,SUP-1002,Continental,PN-HRN-400,Wiring harness,96,2026-02-14T14:00:00,2026-02-19T14:00:00,munich
PO-100383,SUP-1005,Hella,PN-HRN-400,Wiring harness,144,2026-02-15T15:00:00,2026-02-19T15:00:00,munich
PO-100384,SUP-1001,Bosch,PN-HRN-400,Wiring harness,144,2026-02-15T15:00:00,2026-02-18T15:00:00,munich
PO-100385,SUP-1005,Hella,PN-LMP-500,Headlamp module,24,2026-02-18T09:00:00,2026-02-21T09:00:00,munich
PO-100386,SUP-1005,Hella,PN-BRK-100,Brake caliper,24,2026-02-14T15:00:00,2026-02-20T15:00:00,munich
PO-100387,SUP-1002,Continental,PN-ALT-200,Alternator,48,2026-02-21T13:00:00,2026-02-27T13:00:00,munich
PO-100388,SUP-1005,Hella,PN-ALT-200,Alternator,24,2026-02-14T14:00:00,2026-02-17T14:00:00,munich
PO-100389,SUP-1004,Mahle,PN-HRN-400,Wiring harness,24,2026-02-15T06:00:00,2026-02-18T06:00:00,munich
PO-100390,SUP-1001,Bosch,PN-HRN-400,Wiring harness,144,2026-02-14T07:00:00,2026-02-18T07:00:00,munich
PO-100391,SUP-1002,Continental,PN-HRN-400,Wiring harness,24,2026-02-14T13:00:00,2026-02-21T13:00:00,munich
PO-100392,SUP-1003,ZF Friedrichshafen,PN-ALT-200,Alternator,48,2026-02-15T06:00:00,2026-02-22T06:00:00,munich
PO-100393,SUP-1005,Hella,PN-ALT-200,Alternator,144,2026-02-21T09:00:00,2026-02-24T09:00:00,munich
PO-100394,SUP-1004,Mahle,PN-ALT-200,Alternator,24,2026-02-18T12:00:00,2026-02-25T12:00:00,munich
PO-100395,SUP-1004,Mahle,PN-BRK-100,Brake caliper,96,2026-02-20T09:00:00,2026-02-23T09:00:00,munich
PO-100396,SUP-1003,ZF Friedrichshafen,PN-ALT-200,Alternator,96,2026-02-26T15:00:00,2026-03-05T15:00:00,munich
PO-100397,SUP-1004,Mahle,PN-BRK-100,Brake caliper,12,2026-02-19T11:00:00,2026-02-26T11:00:00,munich
PO-100398,SUP-1001,Bosch,PN-BRK-100,Brake caliper,96,2026-02-18T13:00:00,2026-02-25T13:00:00,munich
PO-100399,SUP-1005,Hella,PN-ALT-200,Alternator,24,2026-02-18T11:00:00,2026-02-23T11:00:00,munich
PO-100400,SUP-1005,Hella,PN-SNS-300,Wheel speed sensor,96,2026-02-22T11:00:00,2026-02-25T11:00:00,munich
PO-100401,SUP-1004,Mahle,PN-ALT-200,Alternator,24,2026-02-21T06:00:00,2026-02-26T06:00:00,munich
PO-100402,SUP-1002,Continental,PN-LMP-500,Headlamp module,48,2026-02-19T15:00:00,2026-02-24T15:00:00,munich
PO-100403,SUP-1003,ZF Friedrichshafen,PN-BRK-100,Brake caliper,24,2026-02-18T10:00:00,2026-02-24T10:00:00,munich
PO-100404,SUP-1003,ZF Friedrichshafen,PN-SNS-300,Wheel speed sensor,24,2026-02-16T14:00:00,2026-02-19T14:00:00,munich
PO-100405,SUP-1003,ZF Friedrichshafen,PN-ALT-200,Alternator,12,2026-02-24T14:00:00,2026-03-03T14:00:00,munich
PO-100406,SUP-1001,Bosch,PN-HRN-400,Wiring harness,12,2026-02-15T14:00:00,2026-02-18T14:00:00,munich
PO-100407,SUP-1003,ZF Friedrichshafen,PN-ALT-200,Alternator,12,2026-02-14T14:00:00,2026-02-20T14:00:00,munich
PO-100408,SUP-1002,Continental,PN-HRN-400,Wiring harness,48,2026-02-19T11:00:00,2026-02-22T11:00:00,munich
PO-100409,SUP-1004,Mahle,PN-HRN-400,Wiring harness,24,2026-02-26T15:00:00,2026-03-05T15:00:00,munich
PO-100410,SUP-1004,Mahle,PN-SNS-300,Wheel speed sensor,96,2026-02-15T14:00:00,2026-02-21T14:00:00,munich
PO-100411,SUP-1003,ZF Friedrichshafen,PN-HRN-400,Wiring harness,144,2026-02-24T13:00:00,2026-02-28T13:00:00,munich
PO-100412,SUP-1001,Bosch,PN-SNS-300,Wheel speed sensor,96,2026-02-14T15:00:00,2026-02-19T15:00:00,munich
PO-100413,SUP-1001,Bosch,PN-ALT-200,Alternator,48,2026-02-20T08:00:00,2026-02-25T08:00:00,munich
PO-100414,SUP-1002,Continental,PN-BRK-100,Brake caliper,144,2026-02-25T08:00:00,2026-03-04T08:00:00,munich
PO-100415,SUP-1001,Bosch,PN-ALT-200,Alternator,144,2026-02-17T11:00:00,2026-02-23T11:00:00,munich
PO-100416,SUP-1003,ZF Friedrichshafen,PN-SNS-300,Wheel speed sensor,24,2026-02-26T13:00:00,2026-03-05T13:00:00,munich
PO-100417,SUP-1002,Continental,PN-ALT-200,Alternator,24,2026-02-17T08:00:00,2026-02-21T08:00:00,munich
PO-100418,SUP-1001,Bosch,PN-BRK-100,Brake caliper,144,2026-02-22T06:00:00,2026-02-28T06:00:00,munich
PO-100419,SUP-1001,Bosch,PN-BRK-100,Brake caliper,24,2026-02-26T10:00:00,2026-03-05T10:00:00,munich
PO-100420,SUP-1002,Continental,PN-ALT-200,Alternator,48,2026-02-15T14:00:00,2026-02-18T14:00:00,munich
PO-100421,SUP-1004,Mahle,PN-ALT-200,Alternator,144,2026-02-16T12:00:00,2026-02-19T12:00:00,munich
PO-100422,SUP-1003,ZF Friedrichshafen,PN-HRN-400,Wiring harness,24,2026-02-21T12:00:00,2026-02-26T12:00:00,munich
PO-100423,SUP-1001,Bosch,PN-BRK-100,Brake caliper,24,2026-02-19T12:00:00,2026-02-26T12:00:00,munich
PO-100424,SUP-1004,Mahle,PN-HRN-400,Wiring harness,48,2026-02-25T15:00:00,2026-03-04T15:00:00,munich
PO-100425,SUP-1005,Hella,PN-SNS-300,Wheel speed sensor,24,2026-02-25T13:00:00,2026-02-28T13:00:00,munich
PO-100426,SUP-1003,ZF Friedrichshafen,PN-ALT-200,Alternator,48,2026-02-22T15:00:00,2026-02-25T15:00:00,munich
PO-100427,SUP-1003,ZF Friedrichshafen,PN-LMP-500,Headlamp module,144,2026-02-13T06:00:00,2026-02-19T06:00:00,munich
PO-100428,SUP-1002,Continental,PN-HRN-400,Wiring harness,96,2026-02-15T10:00:00,2026-02-21T10:00:00,munich
PO-100429,SUP-1003,ZF Friedrichshafen,PN-SNS-300,Wheel speed sensor,48,2026-02-13T06:00:00,2026-02-20T06:00:00,munich
PO-100430,SUP-1002,Continental,PN-ALT-200,Alternator,24,2026-02-23T10:00:00,2026-03-02T10:00:00,munich
PO-100431,SUP-1003,ZF Friedrichshafen,PN-BRK-100,Brake caliper,96,2026-02-23T12:00:00,2026-03-02T12:00:00,munich
PO-100432,SUP-1004,Mahle,PN-LMP-500,Headlamp module,12,2026-02-18T12:00:00,2026-02-25T12:00:00,munich
PO-100433,SUP-1003,ZF Friedrichshafen,PN-SNS-300,Wheel speed sensor,96,2026-02-16T13:00:00,2026-02-19T13:00:00,munich
PO-100434,SUP-1001,Bosch,PN-LMP-500,Headlamp module,48,2026-02-17T07:00:00,2026-02-24T07:00:00,munich
PO-100435,SUP-1005,Hella,PN-LMP-500,Headlamp module,96,2026-02-23T14:00:00,2026-02-27T14:00:00,munich
PO-100436,SUP-1005,Hella,PN-LMP-500,Headlamp module,96,2026-02-27T15:00:00,2026-03-02T15:00:00,munich
PO-100437,SUP-1003,ZF Friedrichshafen,PN-BRK-100,Brake caliper,24,2026-02-26T12:00:00,2026-03-03T12:00:00,munich
PO-100438,SUP-1002,Continental,PN-BRK-100,Brake caliper,24,2026-02-25T10:00:00,2026-03-03T10:00:00,munich
PO-100439,SUP-1001,Bosch,PN-SNS-300,Wheel speed sensor,48,2026-02-23T14:00:00,2026-02-27T14:00:00,munich
PO-100440,SUP-1001,Bosch,PN-HRN-400,Wiring harness,24,2026-02-16T07:00:00,2026-02-23T07:00:00,munich
PO-100441,SUP-1002,Continental,PN-HRN-400,Wiring harness,24,2026-02-15T07:00:00,2026-02-19T07:00:00,munich
PO-100442,SUP-1002,Continental,PN-SNS-300,Wheel speed sensor,96,2026-02-24T11:00:00,2026-03-01T11:00:00,munich
PO-100443,SUP-1001,Bosch,PN-ALT-200,Alternator,48,2026-02-21T12:00:00,2026-02-26T12:00:00,munich
PO-100444,SUP-1002,Continental,PN-SNS-300,Wheel speed sensor,24,2026-02-26T08:00:00,2026-03-04T08:00:00,munich
PO-100445,SUP-1004,Mahle,PN-HRN-400,Wiring harness,96,2026-02-27T11:00:00,2026-03-05T11:00:00,munich
PO-100446,SUP-1005,Hella,PN-LMP-500,Headlamp module,48,2026-02-20T06:00:00,2026-02-23T06:00:00,munich
PO-100447,SUP-1002,Continental,PN-LMP-500,Headlamp module,24,2026-02-26T15:00:00,2026-03-04T15:00:00,munich
PO-100448,SUP-1002,Continental,PN-BRK-100,Brake caliper,96,2026-02-18T08:00:00,2026-02-24T08:00:00,munich
PO-100449,SUP-1005,Hella,PN-SNS-300,Wheel speed sensor,24,2026-02-14T11:00:00,2026-02-18T11:00:00,munich
PO-100450,SUP-1004,Mahle,PN-HRN-400,Wiring harness,24,2026-02-19T09:00:00,2026-02-26T09:00:00,munich
PO-100451,SUP-1003,ZF Friedrichshafen,PN-ALT-200,Alternator,144,2026-02-20T09:00:00,2026-02-25T09:00:00,munich
PO-100452,SUP-1001,Bosch,PN-BRK-100,Brake caliper,144,2026-02-13T06:00:00,2026-02-18T06:00:00,munich
PO-100453,SUP-1005,Hella,PN-BRK-100,Brake caliper,144,2026-02-15T10:00:00,2026-02-19T10:00:00,munich
PO-100454,SUP-1004,Mahle,PN-SNS-300,Wheel speed sensor,48,2026-02-27T12:00:00,2026-03-04T12:00:00,munich
PO-100455,SUP-1003,ZF Friedrichshafen,PN-HRN-400,Wiring harness,24,2026-02-21T13:00:00,2026-02-24T13:00:00,munich
PO-100456,SUP-1004,Mahle,PN-BRK-100,Brake caliper,96,2026-02-18T14:00:00,2026-02-24T14:00:00,munich
PO-100457,SUP-1003,ZF Friedrichshafen,PN-LMP-500,Headlamp module,144,2026-02-16T15:00:00,2026-02-19T15:00:00,munich
PO-100458,SUP-1001,Bosch,PN-SNS-300,Wheel speed sensor,24,2026-02-13T07:00:00,2026-02-19T07:00:00,munich
PO-100459,SUP-1005,Hella,PN-ALT-200,Alternator,24,2026-02-26T06:00:00,2026-03-03T06:00:00,munich
PO-100460,SUP-1002,Continental,PN-HRN-400,Wiring harness,12,2026-02-13T09:00:00,2026-02-17T09:00:00,munich
PO-100461,SUP-1003,ZF Friedrichshafen,PN-BRK-100,Brake caliper,48,2026-02-21T09:00:00,2026-02-27T09:00:00,munich
PO-100462,SUP-1003,ZF Friedrichshafen,PN-HRN-400,Wiring harness,24,2026-02-23T08:00:00,2026-03-01T08:00:00,munich
PO-100463,SUP-1002,Continental,PN-LMP-500,Headlamp module,96,2026-02-17T15:00:00,2026-02-20T15:00:00,munich
PO-100464,SUP-1005,Hella,PN-BRK-100,Brake caliper,144,2026-02-13T07:00:00,2026-02-19T07:00:00,munich
PO-100465,SUP-1003,ZF Friedrichshafen,PN-SNS-300,Wheel speed sensor,24,2026-02-16T08:00:00,2026-02-19T08:00:00,munich
PO-100466,SUP-1004,Mahle,PN-HRN-400,Wiring harness,96,2026-02-26T15:00:00,2026-03-04T15:00:00,munich
PO-100467,SUP-1002,Continental,PN-BRK-100,Brake caliper,24,2026-02-14T06:00:00,2026-02-18T06:00:00,munich
PO-100468,SUP-1002,Continental,PN-HRN-400,Wiring harness,96,2026-02-20T06:00:00,2026-02-26T06:00:00,munich
PO-100469,SUP-1004,Mahle,PN-LMP-500,Headlamp module,144,2026-02-24T14:00:00,2026-03-01T14:00:00,munich
PO-100470,SUP-1005,Hella,PN-SNS-300,Wheel speed sensor,144,2026-02-14T10:00:00,2026-02-20T10:00:00,munich
PO-100471,SUP-1005,Hella,PN-ALT-200,Alternator,144,2026-02-27T11:00:00,2026-03-06T11:00:00,munich
PO-100472,SUP-1004,Mahle,PN-ALT-200,Alternator,24,2026-02-16T08:00:00,2026-02-23T08:00:00,munich
PO-100473,SUP-1001,Bosch,PN-SNS-300,Wheel speed sensor,48,2026-02-18T08:00:00,2026-02-22T08:00:00,munich
PO-100474,SUP-1001,Bosch,PN-LMP-500,Headlamp module,24,2026-02-20T10:00:00,2026-02-25T10:00:00,munich
PO-100475,SUP-1001,Bosch,PN-BRK-100,Brake caliper,144,2026-02-22T07:00:00,2026-03-01T07:00:00,munich
PO-100476,SUP-1001,Bosch,PN-ALT-200,Alternator,48,2026-02-18T08:00:00,2026-02-21T08:00:00,munich
PO-100477,SUP-1004,Mahle,PN-SNS-300,Wheel speed sensor,24,2026-02-15T14:00:00,2026-02-21T14:00:00,munich
PO-100478,SUP-1005,Hella,PN-BRK-100,Brake caliper,12,2026-02-18T11:00:00,2026-02-24T11:00:00,munich
PO-100479,SUP-1003,ZF Friedrichshafen,PN-HRN-400,Wiring harness,96,2026-02-27T14:00:00,2026-03-04T14:00:00,munich
PO-100480,SUP-1005,Hella,PN-LMP-500,Headlamp module,96,2026-02-24T11:00:00,2026-03-02T11:00:00,munich
PO-100481,SUP-1001,Bosch,PN-LMP-500,Headlamp module,144,2026-02-17T14:00:00,2026-02-22T14:00:00,munich
PO-100482,SUP-1003,ZF Friedrichshafen,PN-HRN-400,Wiring harness,144,2026-02-14T06:00:00,2026-02-19T06:00:00,munich
PO-100483,SUP-1005,Hella,PN-LMP-500,Headlamp module,144,2026-02-16T11:00:00,2026-02-21T11:00:00,munich
PO-100484,SUP-1003,ZF Friedrichshafen,PN-HRN-400,Wiring harness,12,2026-02-15T12:00:00,2026-02-21T12:00:00,munich
PO-100485,SUP-1005,Hella,PN-HRN-400,Wiring harness,48,2026-02-22T13:00:00,2026-02-28T13:00:00,munich
PO-100486,SUP-1005,Hella,PN-LMP-500,Headlamp module,12,2026-02-24T09:00:00,2026-03-02T09:00:00,munich
PO-100487,SUP-1003,ZF Friedrichshafen,PN-LMP-500,Headlamp module,48,2026-02-13T14:00:00,2026-02-17T14:00:00,munich
PO-100488,SUP-1003,ZF Friedrichshafen,PN-SNS-300,Wheel speed sensor,24,2026-02-15T13:00:00,2026-02-18T13:00:00,munich
PO-100489,SUP-1002,Continental,PN-SNS-300,Wheel speed sensor,12,2026-02-25T15:00:00,2026-03-04T15:00:00,munich
PO-100490,SUP-1001,Bosch,PN-ALT-200,Alternator,12,2026-02-22T10:00:00,2026-03-01T10:00:00,munich
PO-100491,SUP-1002,Continental,PN-BRK-100,Brake caliper,48,2026-02-25T09:00:00,2026-03-01T09:00:00,munich
PO-100492,SUP-1001,Bosch,PN-SNS-300,Wheel speed sensor,96,2026-02-15T12:00:00,2026-02-18T12:00:00,munich
PO-100493,SUP-1004,Mahle,PN-ALT-200,Alternator,12,2026-02-22T11:00:00,2026-02-26T11:00:00,munich
PO-100494,SUP-1002,Continental,PN-LMP-500,Headlamp module,144,2026-02-16T13:00:00,2026-02-23T13:00:00,munich
PO-100495,SUP-1001,Bosch,PN-SNS-300,Wheel speed sensor,144,2026-02-22T07:00:00,2026-02-26T07:00:00,munich
PO-100496,SUP-1004,Mahle,PN-LMP-500,Headlamp module,96,2026-02-13T06:00:00,2026-02-19T06:00:00,munich
PO-100497,SUP-1003,ZF Friedrichshafen,PN-ALT-200,Alternator,144,2026-02-26T14:00:00,2026-03-03T14:00:00,munich
PO-100498,SUP-1001,Bosch,PN-ALT-200,Alternator,144,2026-02-17T12:00:00,2026-02-21T12:00:00,munich
PO-100499,SUP-1005,Hella,PN-SNS-300,Wheel speed sensor,12,2026-02-27T08:00:00,2026-03-02T08:00:00,munich
PO-100500,SUP-1004,Mahle,PN-BRK-100,Brake caliper,48,2026-02-26T12:00:00,2026-03-05T12:00:00,munich
